config,modelo,dobra,seed,n_treino,n_teste,teste_contido_no_treino,f1,precisao,revocacao,auc_pr,auc_roc,tempo_s
corrigido,kNN,0,420,134570,33643,False,0.18733863472064444,0.12431469298245613,0.37997486384583157,0.1033058431991995,0.6163893432335311,24.225927591323853
corrigido,RF,0,420,134570,33643,False,0.1380500936329588,0.07420805939161346,0.9882697947214076,0.11882617349576088,0.6474802619212571,97.68647146224976
corrigido,MLP,0,420,134570,33643,False,0.2352744030163385,0.14704650188521157,0.5881860075408463,0.16977881812109363,0.720578813509616,87.44066524505615
corrigido,LR,0,420,134570,33643,False,0.01800327332242226,0.38596491228070173,0.009216589861751152,0.2063847187833368,0.7565787117511895,2.522570848464966
corrigido,kNN,1,421,134570,33643,False,0.1843506759524785,0.12200081333875559,0.3770423125261835,0.1021823884812048,0.6176333507184047,21.25772786140442
corrigido,RF,1,421,134570,33643,False,0.14014187793708283,0.07546257494681194,0.980728948470884,0.13768965664405966,0.6734820060756965,95.6374351978302
corrigido,MLP,1,421,134570,33643,False,0.21656796081011917,0.13117803365810451,0.6204440720569753,0.19484536764844795,0.7112592723210969,85.08791494369507
corrigido,LR,1,421,134570,33643,False,0.040436716538617065,0.5813953488372093,0.02094679514034353,0.20728913478936653,0.7518611793104639,2.379521608352661
corrigido,kNN,2,422,134571,33642,False,0.18408736349453977,0.12244050913115662,0.37075827398408046,0.1019847924760083,0.611110761867544,21.85385513305664
corrigido,RF,2,422,134571,33642,False,0.13321382555599126,0.07137925859222573,0.9962295768747381,0.1413705410642662,0.6574934805571452,96.26157641410828
corrigido,MLP,2,422,134571,33642,False,0.2416168207359072,0.1541575112755869,0.5584415584415584,0.18821680104525393,0.716552766722804,85.75613951683044
corrigido,LR,2,422,134571,33642,False,0.017170891251022075,0.3559322033898305,0.008797653958944282,0.20574711029235299,0.7510462775055279,2.355901002883911
corrigido,kNN,3,423,134571,33642,False,0.19380396140172676,0.12791633145615447,0.39966485127775453,0.10679890735299383,0.627775664816964,21.656513690948486
corrigido,RF,3,423,134571,33642,False,0.13413537216100743,0.07189128928259363,0.9995810640971932,0.1330283898258106,0.6619847468728423,91.9633469581604
corrigido,MLP,3,423,134571,33642,False,0.23125983599768077,0.14412554201940947,0.5848345203183913,0.1820409024498633,0.7151683547976271,86.63672947883606
corrigido,LR,3,423,134571,33642,False,0.016122531237404272,0.2127659574468085,0.008378718056137411,0.20508553524908196,0.7495852360312756,2.372920513153076
corrigido,kNN,4,424,134570,33643,False,0.18800585080448562,0.12253718062793949,0.4036850921273032,0.10539343642338232,0.6243736881495946,384.32653641700745
corrigido,RF,4,424,134570,33643,False,0.13366711299994177,0.07182631546017644,0.9614740368509213,0.14478196526666912,0.6499304164934951,99.17765736579895
corrigido,MLP,4,424,134570,33643,False,0.21493820526598603,0.13159131497321178,0.5862646566164154,0.1691000702861018,0.6815159088783651,86.58078742027283
corrigido,LR,4,424,134570,33643,False,0.0436306973120374,0.3128491620111732,0.023450586264656615,0.189106424361153,0.7302091698829024,2.5069363117218018
