,,f1,f1,precisao,precisao,revocacao,revocacao,auc_pr,auc_pr,auc_roc,auc_roc
,,mean,std,mean,std,mean,std,mean,std,mean,std
config,modelo,,,,,,,,,,
corrigido,LR,0.0271,0.0137,0.3698,0.1352,0.0142,0.0074,0.2027,0.0077,0.7479,0.0102
corrigido,MLP,0.2279,0.0117,0.1416,0.01,0.5876,0.022,0.1808,0.0113,0.709,0.0157
corrigido,RF,0.1358,0.0031,0.073,0.0018,0.9853,0.0152,0.1351,0.0101,0.6581,0.0104
corrigido,kNN,0.1875,0.0039,0.1238,0.0024,0.3862,0.0146,0.1039,0.0021,0.6195,0.0066
publicado,MLP,0.3231,0.0098,0.207,0.0096,0.7382,0.0195,0.3934,0.0117,0.8407,0.0014
publicado,RF,0.9993,0.0004,0.9996,0.0004,0.9991,0.0004,1.0,0.0,1.0,0.0
publicado,kNN,0.5725,0.0077,0.4014,0.0076,0.9983,0.0007,0.9771,0.0023,0.998,0.0003
