config,modelo,dobra,seed,n_treino,n_treino_smote,n_teste,teste_contido_no_treino,f1,precisao,revocacao,auc_pr,auc_roc,tempo_s
publicado,kNN,0,420,134571,249159,27031,True,0.5725965177895533,0.40131578947368424,0.9989434759640782,0.978295621458154,0.9981925445077247,10.66557264328003
publicado,RF,0,420,134571,249159,27031,True,0.9992073976221929,0.9994714587737844,0.9989434759640782,0.9999988834616594,0.9999999264493172,68.75958299636841
publicado,MLP,0,420,134571,249159,27031,True,0.3135241424513874,0.1976311802781986,0.7580559957739038,0.38712298276464013,0.8415632029212482,86.50171089172363
publicado,kNN,1,421,134571,249159,26891,True,0.5615544348857906,0.39055085619971114,0.9989445910290238,0.9805794371374797,0.9983055441905004,12.7584228515625
publicado,RF,1,421,134571,249159,26891,True,0.9997360781208762,1.0,0.9994722955145119,1.0,1.0,68.18086385726929
publicado,MLP,1,421,134571,249159,26891,True,0.3168205359153344,0.2013739802490339,0.7424802110817942,0.38667447772911673,0.8383852867646158,85.38658475875854
publicado,kNN,2,422,134571,249159,27013,True,0.582089552238806,0.4107857594270065,0.9984639016897081,0.9760380534300714,0.9978505044115321,10.289130687713623
publicado,RF,2,422,134571,249159,27013,True,0.9992317541613316,0.9994877049180327,0.9989759344598055,0.9999992134671896,0.9999999387031799,64.52334761619568
publicado,MLP,2,422,134571,249159,27013,True,0.33298159221479656,0.2159367396593674,0.7270865335381465,0.3857694909503397,0.8417812202071915,90.12907671928406
publicado,kNN,3,423,134571,249159,26896,True,0.5698713096139288,0.398813307904217,0.9978791092258749,0.9755924601224444,0.9979368273899348,12.312170505523682
publicado,RF,3,423,134571,249159,26896,True,0.9986740917528507,0.9989389920424403,0.9984093319194062,0.9999955089589766,0.9999996819935865,68.29587507247925
publicado,MLP,3,423,134571,249159,26896,True,0.31760232610154326,0.20124716553287983,0.7529162248144221,0.3942131868682246,0.841119755703233,88.76517486572266
publicado,kNN,4,424,134571,249159,26869,True,0.5765685399940529,0.4054788791300711,0.9974279835390947,0.9750586215474845,0.9976586962533692,10.638952732086182
publicado,RF,4,424,134571,249159,26869,True,0.9997427321842037,1.0,0.9994855967078189,1.0,1.0,70.61642956733704
publicado,MLP,4,424,134571,249159,26869,True,0.33442305363845504,0.21868566904196357,0.7103909465020576,0.41340271095328024,0.8408939369548976,87.06399297714233
